{
	"class_name" : "PinholeCameraParameters",
	"extrinsic" : 
	[
		0.6622468269,
		-0.0657341728,
		0.746398982,
		0.0,
		0.3453573853,
		0.9108003932,
		-0.2262069937,
		0.0,
		-0.6649501792,
		0.4075784509,
		0.6258774298,
		0.0,
		2.1576304963,
		1.2549109293,
		0.1949499389,
		1.0,
	],
	"intrinsic" : 
	{
		"height" : 1080,
		"intrinsic_matrix" : 
		[
			935.30743608719376,
			0.0,
			0.0,
			0.0,
			935.30743608719376,
			0.0,
			959.5,
			539.5,
			1.0
		],
		"width" : 1920
	},
	"version_major" : 1,
	"version_minor" : 0
}